insert into Customers (cusEmail, cusName, cusPhone#) values ('aramirez0@slideshare.net', 'Aristotle Ramirez', '850-303-5134');
insert into Customers (cusEmail, cusName, cusPhone#) values ('gbantham1@free.fr', 'Gianna Bantham', '356-572-7384');
insert into Customers (cusEmail, cusName, cusPhone#) values ('lbroscombe2@freewebs.com', 'Levi Broscombe', '406-246-4478');
insert into Customers (cusEmail, cusName, cusPhone#) values ('cprosch3@marketwatch.com', 'Claribel Prosch', '971-599-4686');
insert into Customers (cusEmail, cusName, cusPhone#) values ('lalbertson4@sun.com', 'Liz Albertson', '260-659-6688');
insert into Customers (cusEmail, cusName, cusPhone#) values ('owhate5@yahoo.com', 'Odelia Whate', '873-309-1675');
insert into Customers (cusEmail, cusName, cusPhone#) values ('fmccook6@seattletimes.com', 'Franz McCook', '991-593-5391');
insert into Customers (cusEmail, cusName, cusPhone#) values ('ghardwell7@ihg.com', 'Gloriane Hardwell', '250-709-8463');
insert into Customers (cusEmail, cusName, cusPhone#) values ('zsennett8@merriam-webster.com', 'Zorine Sennett', '323-228-5342');
insert into Customers (cusEmail, cusName, cusPhone#) values ('opigrome9@booking.com', 'Olive Pigrome', '876-961-6702');
insert into Customers (cusEmail, cusName, cusPhone#) values ('gdaversa@etsy.com', 'Gabriela Davers', '954-152-5253');
insert into Customers (cusEmail, cusName, cusPhone#) values ('mcattermullb@is.gd', 'Maurine Cattermull', '838-344-1070');
insert into Customers (cusEmail, cusName, cusPhone#) values ('ttedstonec@earthlink.net', 'Tate Tedstone', '371-165-3772');
insert into Customers (cusEmail, cusName, cusPhone#) values ('psandbrookd@hp.com', 'Phillip Sandbrook', '498-119-8692');
insert into Customers (cusEmail, cusName, cusPhone#) values ('yaspelle@techcrunch.com', 'Yvette Aspell', '208-650-5524');
insert into Customers (cusEmail, cusName, cusPhone#) values ('garnisonf@people.com.cn', 'Gaspard Arnison', '639-233-3174');
insert into Customers (cusEmail, cusName, cusPhone#) values ('ddavidovitchg@theguardian.com', 'Dacey Davidovitch', '364-601-7434');
insert into Customers (cusEmail, cusName, cusPhone#) values ('rspoonerh@hugedomains.com', 'Rebekah Spooner', '473-523-7226');
insert into Customers (cusEmail, cusName, cusPhone#) values ('tfantinii@usa.gov', 'Timmie Fantini', '234-389-2919');
insert into Customers (cusEmail, cusName, cusPhone#) values ('fimlochj@zimbio.com', 'Flossi Imloch', '135-425-8828');

insert into Employees (empEmail, empName, empPhone#) values ('jshanahan0@biblegateway.com', 'Joy Shanahan', '973-398-8237');
insert into Employees (empEmail, empName, empPhone#) values ('estanlike1@multiply.com', 'Elayne Stanlike', '645-774-1800');
insert into Employees (empEmail, empName, empPhone#) values ('mchiswell2@google.cn', 'Mabel Chiswell', '918-912-1173');
insert into Employees (empEmail, empName, empPhone#) values ('bshirrell3@arstechnica.com', 'Britni Shirrell', '872-333-8997');
insert into Employees (empEmail, empName, empPhone#) values ('dglacken4@miibeian.gov.cn', 'Dionysus Glacken', '653-980-4293');
insert into Employees (empEmail, empName, empPhone#) values ('sphinnessy5@netscape.com', 'Saidee Phinnessy', '754-434-9566');
insert into Employees (empEmail, empName, empPhone#) values ('ifaulkner6@booking.com', 'Inessa Faulkner', '287-435-1903');
insert into Employees (empEmail, empName, empPhone#) values ('alippo7@fc2.com', 'Annette Lippo', '202-179-0402');
insert into Employees (empEmail, empName, empPhone#) values ('mkornes8@photobucket.com', 'Magdaia Kornes', '801-568-5157');
insert into Employees (empEmail, empName, empPhone#) values ('emose9@hugedomains.com', 'Etti Mose', '428-855-5252');
insert into Employees (empEmail, empName, empPhone#) values ('dfeldhammera@wordpress.org', 'Demetris Feldhammer', '803-140-9741');
insert into Employees (empEmail, empName, empPhone#) values ('lbozierb@unc.edu', 'Lise Bozier', '286-928-0036');
insert into Employees (empEmail, empName, empPhone#) values ('filiffec@nifty.com', 'Fay Iliffe', '659-256-9499');
insert into Employees (empEmail, empName, empPhone#) values ('dteresad@hc360.com', 'Drusie Teresa', '883-618-8858');
insert into Employees (empEmail, empName, empPhone#) values ('mgellione@ycombinator.com', 'Margalit Gellion', '371-697-0884');
insert into Employees (empEmail, empName, empPhone#) values ('tbrinef@buzzfeed.com', 'Taffy Brine', '369-868-8505');
insert into Employees (empEmail, empName, empPhone#) values ('fvang@columbia.edu', 'Faustine Van Bruggen', '916-521-6890');
insert into Employees (empEmail, empName, empPhone#) values ('mcalcrafth@reuters.com', 'Modestia Calcraft', '856-538-3392');
insert into Employees (empEmail, empName, empPhone#) values ('sdii@va.gov', 'Shaina Di Dello', '499-784-2067');
insert into Employees (empEmail, empName, empPhone#) values ('emagnusj@wordpress.org', 'Ella Magnus', '357-196-9130');

insert into PrintingProfiles (proName, proMode, proSize, proPosition, proDescription, proEstTime, proPrice,empemail) values ('Profile46916', 'blackandwhite', 'small', 'front', '', 5, 8,'jshanahan0@biblegateway.com');
insert into PrintingProfiles (proName, proMode, proSize, proPosition, proDescription, proEstTime, proPrice,empemail) values ('Profile-07398', 'color', 'small', 'front', '', 9.9, 99.9,'jshanahan0@biblegateway.com');
insert into PrintingProfiles (proName, proMode, proSize, proPosition, proDescription, proEstTime, proPrice,empemail) values ('Profile-66259', 'color', 'large', 'Sleeves', null, 22.5, 4.56,'estanlike1@multiply.com');
insert into PrintingProfiles (proName, proMode, proSize, proPosition, proDescription, proEstTime, proPrice,empemail) values ('Profile-68110', 'color', 'medium', 'Sleeves', null, 2.8, 9.2,'estanlike1@multiply.com');
insert into PrintingProfiles (proName, proMode, proSize, proPosition, proDescription, proEstTime, proPrice,empemail) values ('Profile-44496', 'blackandwhite', 'large', 'front', null, 28.4, 20.98,'bshirrell3@arstechnica.com');
insert into PrintingProfiles (proName, proMode, proSize, proPosition, proDescription, proEstTime, proPrice,empemail) values ('Profile-29545', 'blackandwhite', 'large', 'front', null, 45.6, 14.14,'dglacken4@miibeian.gov.cn');
insert into PrintingProfiles (proName, proMode, proSize, proPosition, proDescription, proEstTime, proPrice,empemail) values ('Profile-71247', 'blackandwhite', 'large', 'front', null, 16.4, 27.92,'dglacken4@miibeian.gov.cn');
insert into PrintingProfiles (proName, proMode, proSize, proPosition, proDescription, proEstTime, proPrice,empemail) values ('Profile-16645', 'color', 'small', 'back', null, 42.5, 17.07,'sphinnessy5@netscape.com');
insert into PrintingProfiles (proName, proMode, proSize, proPosition, proDescription, proEstTime, proPrice,empemail) values ('Profile-88022', 'color', 'medium', 'Sleeves', null, 43.1, 13.57,'ifaulkner6@booking.com');
insert into PrintingProfiles (proName, proMode, proSize, proPosition, proDescription, proEstTime, proPrice,empemail) values ('Profile-33366', 'color', 'medium', 'front', null, 33.8, 10.66,'ifaulkner6@booking.com');
insert into PrintingProfiles (proName, proMode, proSize, proPosition, proDescription, proEstTime, proPrice,empemail) values ('Profile-71514', 'color', 'small', 'Sleeves', null, 44.7, 7.43,'alippo7@fc2.com');
insert into PrintingProfiles (proName, proMode, proSize, proPosition, proDescription, proEstTime, proPrice,empemail) values ('Profile-00003', 'color', 'small', 'front', null, 21.4, 25.71,'alippo7@fc2.com');
insert into PrintingProfiles (proName, proMode, proSize, proPosition, proDescription, proEstTime, proPrice,empemail) values ('Profile-49708', 'color', 'large', 'Sleeves', null, 33.0, 13.94,'alippo7@fc2.com');
insert into PrintingProfiles (proName, proMode, proSize, proPosition, proDescription, proEstTime, proPrice,empemail) values ('Profile-93684', 'blackandwhite', 'small', 'Sleeves', null, 5.7, 27.91,'mkornes8@photobucket.com');
insert into PrintingProfiles (proName, proMode, proSize, proPosition, proDescription, proEstTime, proPrice,empemail) values ('Profile-70358', 'blackandwhite', 'small', 'Sleeves', null, 7.2, 27.8,'emose9@hugedomains.com');
insert into PrintingProfiles (proName, proMode, proSize, proPosition, proDescription, proEstTime, proPrice,empemail) values ('Profile-39024', 'blackandwhite', 'small', 'Sleeves', null, 26.3, 21.96,'emose9@hugedomains.com');
insert into PrintingProfiles (proName, proMode, proSize, proPosition, proDescription, proEstTime, proPrice,empemail) values ('Profile-05599', 'blackandwhite', 'large', 'Sleeves', null, 4.6, 19.11,'emose9@hugedomains.com');
insert into PrintingProfiles (proName, proMode, proSize, proPosition, proDescription, proEstTime, proPrice,empemail) values ('Profile-78490', 'color', 'medium', 'back', null, 20.9, 23.84,'dfeldhammera@wordpress.org');
insert into PrintingProfiles (proName, proMode, proSize, proPosition, proDescription, proEstTime, proPrice,empemail) values ('Profile-24080', 'blackandwhite', 'small', 'front', null, 22.2, 24.93,'lbozierb@unc.edu');
insert into PrintingProfiles (proName, proMode, proSize, proPosition, proDescription, proEstTime, proPrice,empemail) values ('Profile-21611', 'blackandwhite', 'large', 'Sleeves', null, 14.2, 7.74,'lbozierb@unc.edu');

insert into ArtWorks (artName, artImage, cusEmail) values ('Art-04582', 'http://dummyimage.com/21x29.bmp/5fa2dd/ffffff', 'garnisonf@people.com.cn');
insert into ArtWorks (artName, artImage, cusEmail) values ('Art-74459', 'http://dummyimage.com/22x23.jpg/cc0000/ffffff', 'lbroscombe2@freewebs.com');
insert into ArtWorks (artName, artImage, cusEmail) values ('Art-19480', 'http://dummyimage.com/24x26.png/cc0000/ffffff', 'aramirez0@slideshare.net');
insert into ArtWorks (artName, artImage, cusEmail) values ('Art-54302', 'http://dummyimage.com/29x27.jpg/cc0000/ffffff', 'fimlochj@zimbio.com');
insert into ArtWorks (artName, artImage, cusEmail) values ('Art-61169', 'http://dummyimage.com/25x28.png/ff4444/ffffff', 'garnisonf@people.com.cn');
insert into ArtWorks (artName, artImage, cusEmail) values ('Art-27231', 'http://dummyimage.com/21x29.jpg/ff4444/ffffff', 'fimlochj@zimbio.com');
insert into ArtWorks (artName, artImage, cusEmail) values ('Art-07050', 'http://dummyimage.com/26x27.png/ff4444/ffffff', 'gbantham1@free.fr');
insert into ArtWorks (artName, artImage, cusEmail) values ('Art-37915', 'http://dummyimage.com/22x29.bmp/cc0000/ffffff', 'lbroscombe2@freewebs.com');
insert into ArtWorks (artName, artImage, cusEmail) values ('Art-95433', 'http://dummyimage.com/23x29.png/5fa2dd/ffffff', 'aramirez0@slideshare.net');
insert into ArtWorks (artName, artImage, cusEmail) values ('Art-33280', 'http://dummyimage.com/27x22.jpg/cc0000/ffffff', 'fimlochj@zimbio.com');
insert into ArtWorks (artName, artImage, cusEmail) values ('Art-80616', 'http://dummyimage.com/23x20.bmp/cc0000/ffffff', 'fimlochj@zimbio.com');
insert into ArtWorks (artName, artImage, cusEmail) values ('Art-99497', 'http://dummyimage.com/29x30.png/5fa2dd/ffffff', 'mcattermullb@is.gd');
insert into ArtWorks (artName, artImage, cusEmail) values ('Art-69119', 'http://dummyimage.com/30x23.png/5fa2dd/ffffff', 'fimlochj@zimbio.com');
insert into ArtWorks (artName, artImage, cusEmail) values ('Art-74611', 'http://dummyimage.com/24x21.jpg/dddddd/000000', 'gbantham1@free.fr');
insert into ArtWorks (artName, artImage, cusEmail) values ('Art-05133', 'http://dummyimage.com/21x26.bmp/dddddd/000000', 'mcattermullb@is.gd');
insert into ArtWorks (artName, artImage, cusEmail) values ('Art-60593', 'http://dummyimage.com/24x30.jpg/5fa2dd/ffffff', 'mcattermullb@is.gd');
insert into ArtWorks (artName, artImage, cusEmail) values ('Art-88947', 'http://dummyimage.com/21x20.bmp/5fa2dd/ffffff', 'mcattermullb@is.gd');
insert into ArtWorks (artName, artImage, cusEmail) values ('Art-14300', 'http://dummyimage.com/22x30.png/5fa2dd/ffffff', 'fimlochj@zimbio.com');
insert into ArtWorks (artName, artImage, cusEmail) values ('Art-23113', 'http://dummyimage.com/30x25.bmp/dddddd/000000', 'mcattermullb@is.gd');
insert into ArtWorks (artName, artImage, cusEmail) values ('Art-29209', 'http://dummyimage.com/20x28.bmp/dddddd/000000', 'mcattermullb@is.gd');

insert into PrintingMaterials (matProduct#, matName, matAmount) values ('Material-77605', 'Green', 27.2);
insert into PrintingMaterials (matProduct#, matName, matAmount) values ('Material-21634', 'Violet', 3.6);
insert into PrintingMaterials (matProduct#, matName, matAmount) values ('Material-89076', 'Khaki', 18.9);
insert into PrintingMaterials (matProduct#, matName, matAmount) values ('Material-26803', 'Goldenrod', 25.1);
insert into PrintingMaterials (matProduct#, matName, matAmount) values ('Material-10874', 'Yellow', 12.8);
insert into PrintingMaterials (matProduct#, matName, matAmount) values ('Material-46417', 'Maroon', 1.4);
insert into PrintingMaterials (matProduct#, matName, matAmount) values ('Material-96013', 'Yellow', 20.0);
insert into PrintingMaterials (matProduct#, matName, matAmount) values ('Material-66175', 'Green', 24.5);
insert into PrintingMaterials (matProduct#, matName, matAmount) values ('Material-32769', 'Blue', 11.8);
insert into PrintingMaterials (matProduct#, matName, matAmount) values ('Material-39516', 'Red', 24.2);
insert into PrintingMaterials (matProduct#, matName, matAmount) values ('Material-36880', 'Indigo', 17.3);
insert into PrintingMaterials (matProduct#, matName, matAmount) values ('Material-32936', 'Violet', 15.0);
insert into PrintingMaterials (matProduct#, matName, matAmount) values ('Material-50441', 'Purple', 26.6);
insert into PrintingMaterials (matProduct#, matName, matAmount) values ('Material-81996', 'Blue', 4.0);
insert into PrintingMaterials (matProduct#, matName, matAmount) values ('Material-92918', 'Yellow', 15.8);
insert into PrintingMaterials (matProduct#, matName, matAmount) values ('Material-78550', 'Khaki', 7.1);
insert into PrintingMaterials (matProduct#, matName, matAmount) values ('Material-55671', 'Maroon', 21.3);
insert into PrintingMaterials (matProduct#, matName, matAmount) values ('Material-85961', 'Khaki', 17.2);
insert into PrintingMaterials (matProduct#, matName, matAmount) values ('Material-74996', 'Goldenrod', 2.5);
insert into PrintingMaterials (matProduct#, matName, matAmount) values ('Material-26253', 'Pink', 3.0);

insert into TShirts (tshBrand, tshName, tshColor, tshSize, tshAmount, tshPrice) values ('Harriton', 'Jerzees Zip Front Hoodie', 'Yellow', 'large', 5, 44.09);
insert into TShirts (tshBrand, tshName, tshColor, tshSize, tshAmount, tshPrice) values ('Gildan', 'Hanes Ladies ComfortSoft', 'Fuscia', 'medium', 15, 44.01);
insert into TShirts (tshBrand, tshName, tshColor, tshSize, tshAmount, tshPrice) values ('Next Level', 'Hanes Tagless T-Shirt', 'Violet', 'medium', 12, 49.22);
insert into TShirts (tshBrand, tshName, tshColor, tshSize, tshAmount, tshPrice) values ('Jerzees', 'Jerzees Zip Front Hoodie', 'Crimson', 'medium', 1, 32.45);
insert into TShirts (tshBrand, tshName, tshColor, tshSize, tshAmount, tshPrice) values ('Next Level', 'Jerzees Zip Front Hoodie', 'Mauv', 'x-small', 3, 31.07);
insert into TShirts (tshBrand, tshName, tshColor, tshSize, tshAmount, tshPrice) values ('Harriton', 'Fruit of the Loom Cotton', 'Fuscia', 'medium', 12, 49.43);
insert into TShirts (tshBrand, tshName, tshColor, tshSize, tshAmount, tshPrice) values ('American Apparel', 'Hanes Ladies ComfortSoft', 'Goldenrod', 'medium', 3, 44.81);
insert into TShirts (tshBrand, tshName, tshColor, tshSize, tshAmount, tshPrice) values ('American Apparel', 'Hanes Tagless T-Shirt', 'Maroon', 'small', 5, 31.04);
insert into TShirts (tshBrand, tshName, tshColor, tshSize, tshAmount, tshPrice) values ('Champion', 'Ultra Cotton Tank', 'Mauv', 'medium', 15, 49.02);
insert into TShirts (tshBrand, tshName, tshColor, tshSize, tshAmount, tshPrice) values ('American Apparel', 'Fruit of the Loom Cotton', 'Blue', 'x-large', 15, 37.6);
insert into TShirts (tshBrand, tshName, tshColor, tshSize, tshAmount, tshPrice) values ('American Apparel', 'Fruit of the Loom Cotton', 'Goldenrod', 'x-large', 1, 36.23);
insert into TShirts (tshBrand, tshName, tshColor, tshSize, tshAmount, tshPrice) values ('Jerzees', 'Fruit of the Loom Cotton', 'Violet', 'medium', 15, 47.8);
insert into TShirts (tshBrand, tshName, tshColor, tshSize, tshAmount, tshPrice) values ('Harriton', 'Hanes Ladies ComfortSoft', 'Mauv', 'large', 6, 15.58);
insert into TShirts (tshBrand, tshName, tshColor, tshSize, tshAmount, tshPrice) values ('Harriton', 'Hanes Tagless T-Shirt', 'Crimson', 'small', 13, 48.58);
insert into TShirts (tshBrand, tshName, tshColor, tshSize, tshAmount, tshPrice) values ('Jerzees', 'Hanes Ladies ComfortSoft', 'Indigo', 'x-small', 15, 42.6);
insert into TShirts (tshBrand, tshName, tshColor, tshSize, tshAmount, tshPrice) values ('Anvil', 'Fruit of the Loom Cotton', 'Fuscia', 'large', 4, 22.94);
insert into TShirts (tshBrand, tshName, tshColor, tshSize, tshAmount, tshPrice) values ('Gildan', 'Hanes Ladies ComfortSoft', 'Purple', 'medium', 15, 17.04);
insert into TShirts (tshBrand, tshName, tshColor, tshSize, tshAmount, tshPrice) values ('Anvil', 'Hanes Tagless T-Shirt', 'Violet', 'x-large', 13, 35.68);
insert into TShirts (tshBrand, tshName, tshColor, tshSize, tshAmount, tshPrice) values ('Harriton', 'Fruit of the Loom Cotton', 'Maroon', 'x-small', 7, 27.85);
insert into TShirts (tshBrand, tshName, tshColor, tshSize, tshAmount, tshPrice) values ('Jerzees', 'Canvas Unisex T-Shirt', 'Maroon', 'x-small', 1, 20.48);

insert into Orders ( ordTotalCost, ordStatus, ordEstDeliveryDate, empEmail, cusEmail) values ( 55.62, 'pending', null, 'bshirrell3@arstechnica.com', 'ghardwell7@ihg.com');
insert into Orders ( ordTotalCost, ordStatus, ordEstDeliveryDate, empEmail, cusEmail) values ( 68.69, 'pending', null, 'dglacken4@miibeian.gov.cn', 'owhate5@yahoo.com');
insert into Orders ( ordTotalCost, ordStatus, ordEstDeliveryDate, empEmail, cusEmail) values ( 77.57, 'pending', null, 'estanlike1@multiply.com', 'opigrome9@booking.com');
insert into Orders ( ordTotalCost, ordStatus, ordEstDeliveryDate, empEmail, cusEmail) values ( 49.32, 'pending', null, 'dglacken4@miibeian.gov.cn', 'ghardwell7@ihg.com');
insert into Orders ( ordTotalCost, ordStatus, ordEstDeliveryDate, empEmail, cusEmail) values ( 48.03, 'pending', null, 'ifaulkner6@booking.com', 'owhate5@yahoo.com');
insert into Orders ( ordTotalCost, ordStatus, ordEstDeliveryDate, empEmail, cusEmail) values ( 60.49, 'pending', null, 'estanlike1@multiply.com', 'owhate5@yahoo.com');

insert into Uses (useProportion, proName, matProduct#) values (5, 'Profile46916', 'Material-36880');
insert into Uses (useProportion, proName, matProduct#) values (10, 'Profile-07398', 'Material-81996');
insert into Uses (useProportion, proName, matProduct#) values (9, 'Profile-66259', 'Material-77605');
insert into Uses (useProportion, proName, matProduct#) values (10, 'Profile-68110', 'Material-50441');
insert into Uses (useProportion, proName, matProduct#) values (1, 'Profile-44496', 'Material-32936');
insert into Uses (useProportion, proName, matProduct#) values (9, 'Profile-29545', 'Material-10874');
insert into Uses (useProportion, proName, matProduct#) values (8, 'Profile-71247', 'Material-36880');
insert into Uses (useProportion, proName, matProduct#) values (9, 'Profile-16645', 'Material-26803');
insert into Uses (useProportion, proName, matProduct#) values (3, 'Profile-88022', 'Material-32769');
insert into Uses (useProportion, proName, matProduct#) values (3, 'Profile-33366', 'Material-46417');
insert into Uses (useProportion, proName, matProduct#) values (4, 'Profile-71514', 'Material-81996');
insert into Uses (useProportion, proName, matProduct#) values (7, 'Profile-00003', 'Material-32936');
insert into Uses (useProportion, proName, matProduct#) values (6, 'Profile-49708', 'Material-39516');
insert into Uses (useProportion, proName, matProduct#) values (8, 'Profile-93684', 'Material-26803');
insert into Uses (useProportion, proName, matProduct#) values (4, 'Profile-70358', 'Material-77605');
insert into Uses (useProportion, proName, matProduct#) values (1, 'Profile-39024', 'Material-96013');
insert into Uses (useProportion, proName, matProduct#) values (9, 'Profile-05599', 'Material-77605');
insert into Uses (useProportion, proName, matProduct#) values (3, 'Profile-78490', 'Material-66175');
insert into Uses (useProportion, proName, matProduct#) values (6, 'Profile-24080', 'Material-81996');
insert into Uses (useProportion, proName, matProduct#) values (1, 'Profile-21611', 'Material-10874');


insert into PrintingJobs (jobQuantity, jobUnitPrice, jobTotalCost, jobInstructions, jobEstTime, proName, tshBrand, tshName, tshColor, tshSize, artName, ordID) values (17, 2.37, 40.29, null, 14.37, 'Profile-68110', 'American Apparel', 'Fruit of the Loom Cotton', 'Blue', 'x-large', 'Art-04582', 3);
insert into PrintingJobs (jobQuantity, jobUnitPrice, jobTotalCost, jobInstructions, jobEstTime, proName, tshBrand, tshName, tshColor, tshSize, artName, ordID) values (11, 7.86, 86.46, null, 23.49, 'Profile46916', 'American Apparel', 'Fruit of the Loom Cotton', 'Blue', 'x-large', 'Art-74459', 2);
insert into PrintingJobs (jobQuantity, jobUnitPrice, jobTotalCost, jobInstructions, jobEstTime, proName, tshBrand, tshName, tshColor, tshSize, artName, ordID) values (3, 4.05, 12.15, null, 82.68, 'Profile-07398', 'American Apparel', 'Fruit of the Loom Cotton', 'Blue', 'x-large', 'Art-19480', 5);
insert into PrintingJobs (jobQuantity, jobUnitPrice, jobTotalCost, jobInstructions, jobEstTime, proName, tshBrand, tshName, tshColor, tshSize, artName, ordID) values (24, 3.36, 80.64, null, 49.94, 'Profile-21611', 'American Apparel', 'Fruit of the Loom Cotton', 'Blue', 'x-large', 'Art-54302', 1);
insert into PrintingJobs (jobQuantity, jobUnitPrice, jobTotalCost, jobInstructions, jobEstTime, proName, tshBrand, tshName, tshColor, tshSize, artName, ordID) values (4, 1.7, 6.8, null, 56.83, 'Profile-24080', 'American Apparel', 'Fruit of the Loom Cotton', 'Blue', 'x-large', 'Art-61169', 4);
insert into PrintingJobs (jobQuantity, jobUnitPrice, jobTotalCost, jobInstructions, jobEstTime, proName, tshBrand, tshName, tshColor, tshSize, artName, ordID) values (11, 10.0, 110.0, null, 25.65, 'Profile-68110', 'American Apparel', 'Fruit of the Loom Cotton', 'Blue', 'x-large', 'Art-04582', 1);
insert into PrintingJobs (jobQuantity, jobUnitPrice, jobTotalCost, jobInstructions, jobEstTime, proName, tshBrand, tshName, tshColor, tshSize, artName, ordID) values (14, 7.98, 111.72, null, 25.6, 'Profile46916', 'American Apparel', 'Fruit of the Loom Cotton', 'Blue', 'x-large', 'Art-74459', 2);
insert into PrintingJobs (jobQuantity, jobUnitPrice, jobTotalCost, jobInstructions, jobEstTime, proName, tshBrand, tshName, tshColor, tshSize, artName, ordID) values (12, 8.55, 102.6, null, 18.81, 'Profile-07398', 'American Apparel', 'Fruit of the Loom Cotton', 'Blue', 'x-large', 'Art-19480', 5);
insert into PrintingJobs (jobQuantity, jobUnitPrice, jobTotalCost, jobInstructions, jobEstTime, proName, tshBrand, tshName, tshColor, tshSize, artName, ordID) values (15, 5.96, 89.4, null, 25.94, 'Profile-21611', 'American Apparel', 'Fruit of the Loom Cotton', 'Blue', 'x-large', 'Art-54302', 4);
insert into PrintingJobs (jobQuantity, jobUnitPrice, jobTotalCost, jobInstructions, jobEstTime, proName, tshBrand, tshName, tshColor, tshSize, artName, ordID) values (11, 7.64, 84.04, null, 83.36, 'Profile-24080', 'American Apparel', 'Fruit of the Loom Cotton', 'Blue', 'x-large', 'Art-61169', 4);
insert into PrintingJobs (jobQuantity, jobUnitPrice, jobTotalCost, jobInstructions, jobEstTime, proName, tshBrand, tshName, tshColor, tshSize, artName, ordID) values (3, 6.56, 19.68, null, 13.25, 'Profile-68110', 'American Apparel', 'Fruit of the Loom Cotton', 'Blue', 'x-large', 'Art-04582', 4);
insert into PrintingJobs (jobQuantity, jobUnitPrice, jobTotalCost, jobInstructions, jobEstTime, proName, tshBrand, tshName, tshColor, tshSize, artName, ordID) values (10, 9.16, 91.6, null, 74.37, 'Profile46916', 'American Apparel', 'Fruit of the Loom Cotton', 'Blue', 'x-large', 'Art-74459', 2);
insert into PrintingJobs (jobQuantity, jobUnitPrice, jobTotalCost, jobInstructions, jobEstTime, proName, tshBrand, tshName, tshColor, tshSize, artName, ordID) values (11, 5.18, 56.98, null, 74.35, 'Profile-07398', 'American Apparel', 'Fruit of the Loom Cotton', 'Blue', 'x-large', 'Art-19480', 3);
insert into PrintingJobs (jobQuantity, jobUnitPrice, jobTotalCost, jobInstructions, jobEstTime, proName, tshBrand, tshName, tshColor, tshSize, artName, ordID) values (1, 7.7, 7.7, null, 91.02, 'Profile-21611', 'American Apparel', 'Fruit of the Loom Cotton', 'Blue', 'x-large', 'Art-54302', 2);
insert into PrintingJobs (jobQuantity, jobUnitPrice, jobTotalCost, jobInstructions, jobEstTime, proName, tshBrand, tshName, tshColor, tshSize, artName, ordID) values (8, 9.07, 72.56, null, 59.9, 'Profile-24080', 'American Apparel', 'Fruit of the Loom Cotton', 'Blue', 'x-large', 'Art-61169', 4);
insert into PrintingJobs (jobQuantity, jobUnitPrice, jobTotalCost, jobInstructions, jobEstTime, proName, tshBrand, tshName, tshColor, tshSize, artName, ordID) values (10, 7.83, 78.3, null, 79.24, 'Profile-68110', 'American Apparel', 'Fruit of the Loom Cotton', 'Blue', 'x-large', 'Art-04582', 1);
insert into PrintingJobs (jobQuantity, jobUnitPrice, jobTotalCost, jobInstructions, jobEstTime, proName, tshBrand, tshName, tshColor, tshSize, artName, ordID) values (3, 1.09, 3.27, null, 19.24, 'Profile46916', 'American Apparel', 'Fruit of the Loom Cotton', 'Blue', 'x-large', 'Art-74459', 1);
insert into PrintingJobs (jobQuantity, jobUnitPrice, jobTotalCost, jobInstructions, jobEstTime, proName, tshBrand, tshName, tshColor, tshSize, artName, ordID) values (5, 6.4, 32.0, null, 95.52, 'Profile-07398', 'American Apparel', 'Fruit of the Loom Cotton', 'Blue', 'x-large', 'Art-19480', 5);
insert into PrintingJobs (jobQuantity, jobUnitPrice, jobTotalCost, jobInstructions, jobEstTime, proName, tshBrand, tshName, tshColor, tshSize, artName, ordID) values (14, 9.73, 136.22, null, 61.66, 'Profile-21611', 'American Apparel', 'Fruit of the Loom Cotton', 'Blue', 'x-large', 'Art-54302', 2);
insert into PrintingJobs (jobQuantity, jobUnitPrice, jobTotalCost, jobInstructions, jobEstTime, proName, tshBrand, tshName, tshColor, tshSize, artName, ordID) values (13, 9.42, 122.46, null, 32.46, 'Profile-24080', 'American Apparel', 'Fruit of the Loom Cotton', 'Blue', 'x-large', 'Art-61169', 5);
insert into PrintingJobs (jobQuantity, jobUnitPrice, jobTotalCost, jobInstructions, jobEstTime, proName, tshBrand, tshName, tshColor, tshSize, artName, ordID) values (18, 5.96, 107.28, null, 98.74, 'Profile-68110', 'American Apparel', 'Fruit of the Loom Cotton', 'Blue', 'x-large', 'Art-04582', 1);
insert into PrintingJobs (jobQuantity, jobUnitPrice, jobTotalCost, jobInstructions, jobEstTime, proName, tshBrand, tshName, tshColor, tshSize, artName, ordID) values (20, 9.94, 198.8, null, 52.26, 'Profile46916', 'American Apparel', 'Fruit of the Loom Cotton', 'Blue', 'x-large', 'Art-74459', 1);
insert into PrintingJobs (jobQuantity, jobUnitPrice, jobTotalCost, jobInstructions, jobEstTime, proName, tshBrand, tshName, tshColor, tshSize, artName, ordID) values (22, 5.76, 126.72, null, 89.5, 'Profile-07398', 'American Apparel', 'Fruit of the Loom Cotton', 'Blue', 'x-large', 'Art-19480', 5);
insert into PrintingJobs (jobQuantity, jobUnitPrice, jobTotalCost, jobInstructions, jobEstTime, proName, tshBrand, tshName, tshColor, tshSize, artName, ordID) values (10, 3.21, 32.1, null, 82.66, 'Profile-21611', 'American Apparel', 'Fruit of the Loom Cotton', 'Blue', 'x-large', 'Art-54302', 3);
insert into PrintingJobs (jobQuantity, jobUnitPrice, jobTotalCost, jobInstructions, jobEstTime, proName, tshBrand, tshName, tshColor, tshSize, artName, ordID) values (2, 6.55, 13.1, null, 86.4, 'Profile-24080', 'American Apparel', 'Fruit of the Loom Cotton', 'Blue', 'x-large', 'Art-61169', 5);
insert into PrintingJobs (jobQuantity, jobUnitPrice, jobTotalCost, jobInstructions, jobEstTime, proName, tshBrand, tshName, tshColor, tshSize, artName, ordID) values (19, 4.97, 94.43, null, 79.61, 'Profile-68110', 'American Apparel', 'Fruit of the Loom Cotton', 'Blue', 'x-large', 'Art-04582', 2);
insert into PrintingJobs (jobQuantity, jobUnitPrice, jobTotalCost, jobInstructions, jobEstTime, proName, tshBrand, tshName, tshColor, tshSize, artName, ordID) values (8, 3.59, 28.72, null, 20.19, 'Profile46916', 'American Apparel', 'Fruit of the Loom Cotton', 'Blue', 'x-large', 'Art-74459', 3);
insert into PrintingJobs (jobQuantity, jobUnitPrice, jobTotalCost, jobInstructions, jobEstTime, proName, tshBrand, tshName, tshColor, tshSize, artName, ordID) values (5, 3.0, 15.0, null, 93.29, 'Profile-07398', 'American Apparel', 'Fruit of the Loom Cotton', 'Blue', 'x-large', 'Art-19480', 4);
insert into PrintingJobs (jobQuantity, jobUnitPrice, jobTotalCost, jobInstructions, jobEstTime, proName, tshBrand, tshName, tshColor, tshSize, artName, ordID) values (9, 5.54, 49.86, null, 58.94, 'Profile-21611', 'American Apparel', 'Fruit of the Loom Cotton', 'Blue', 'x-large', 'Art-54302', 1);
insert into PrintingJobs (jobQuantity, jobUnitPrice, jobTotalCost, jobInstructions, jobEstTime, proName, tshBrand, tshName, tshColor, tshSize, artName, ordID) values (24, 2.84, 68.16, null, 33.19, 'Profile-24080', 'American Apparel', 'Fruit of the Loom Cotton', 'Blue', 'x-large', 'Art-61169', 2);
insert into PrintingJobs (jobQuantity, jobUnitPrice, jobTotalCost, jobInstructions, jobEstTime, proName, tshBrand, tshName, tshColor, tshSize, artName, ordID) values (22, 2.95, 64.9, null, 7.7, 'Profile-68110', 'American Apparel', 'Fruit of the Loom Cotton', 'Blue', 'x-large', 'Art-04582', 4);
insert into PrintingJobs (jobQuantity, jobUnitPrice, jobTotalCost, jobInstructions, jobEstTime, proName, tshBrand, tshName, tshColor, tshSize, artName, ordID) values (20, 8.57, 171.4, null, 77.66, 'Profile46916', 'American Apparel', 'Fruit of the Loom Cotton', 'Blue', 'x-large', 'Art-74459', 3);
insert into PrintingJobs (jobQuantity, jobUnitPrice, jobTotalCost, jobInstructions, jobEstTime, proName, tshBrand, tshName, tshColor, tshSize, artName, ordID) values (9, 1.33, 11.97, null, 84.23, 'Profile-07398', 'American Apparel', 'Fruit of the Loom Cotton', 'Blue', 'x-large', 'Art-19480', 4);
insert into PrintingJobs (jobQuantity, jobUnitPrice, jobTotalCost, jobInstructions, jobEstTime, proName, tshBrand, tshName, tshColor, tshSize, artName, ordID) values (10, 2.67, 26.7, null, 6.85, 'Profile-21611', 'American Apparel', 'Fruit of the Loom Cotton', 'Blue', 'x-large', 'Art-54302', 3);
insert into PrintingJobs (jobQuantity, jobUnitPrice, jobTotalCost, jobInstructions, jobEstTime, proName, tshBrand, tshName, tshColor, tshSize, artName, ordID) values (3, 9.54, 28.62, null, 33.9, 'Profile-24080', 'American Apparel', 'Fruit of the Loom Cotton', 'Blue', 'x-large', 'Art-61169', 1);
insert into PrintingJobs (jobQuantity, jobUnitPrice, jobTotalCost, jobInstructions, jobEstTime, proName, tshBrand, tshName, tshColor, tshSize, artName, ordID) values (23, 5.42, 124.66, null, 19.68, 'Profile-68110', 'American Apparel', 'Fruit of the Loom Cotton', 'Blue', 'x-large', 'Art-04582', 2);
insert into PrintingJobs (jobQuantity, jobUnitPrice, jobTotalCost, jobInstructions, jobEstTime, proName, tshBrand, tshName, tshColor, tshSize, artName, ordID) values (6, 5.68, 34.08, null, 80.9, 'Profile46916', 'American Apparel', 'Fruit of the Loom Cotton', 'Blue', 'x-large', 'Art-74459', 5);
insert into PrintingJobs (jobQuantity, jobUnitPrice, jobTotalCost, jobInstructions, jobEstTime, proName, tshBrand, tshName, tshColor, tshSize, artName, ordID) values (9, 2.58, 23.22, null, 34.31, 'Profile-07398', 'American Apparel', 'Fruit of the Loom Cotton', 'Blue', 'x-large', 'Art-19480', 2);
insert into PrintingJobs (jobQuantity, jobUnitPrice, jobTotalCost, jobInstructions, jobEstTime, proName, tshBrand, tshName, tshColor, tshSize, artName, ordID) values (7, 4.41, 30.87, null, 34.32, 'Profile-21611', 'American Apparel', 'Fruit of the Loom Cotton', 'Blue', 'x-large', 'Art-54302', 5);
insert into PrintingJobs (jobQuantity, jobUnitPrice, jobTotalCost, jobInstructions, jobEstTime, proName, tshBrand, tshName, tshColor, tshSize, artName, ordID) values (13, 3.52, 45.76, null, 55.06, 'Profile-24080', 'American Apparel', 'Fruit of the Loom Cotton', 'Blue', 'x-large', 'Art-61169', 3);
insert into PrintingJobs (jobQuantity, jobUnitPrice, jobTotalCost, jobInstructions, jobEstTime, proName, tshBrand, tshName, tshColor, tshSize, artName, ordID) values (21, 3.84, 80.64, null, 47.2, 'Profile-68110', 'American Apparel', 'Fruit of the Loom Cotton', 'Blue', 'x-large', 'Art-04582', 5);
insert into PrintingJobs (jobQuantity, jobUnitPrice, jobTotalCost, jobInstructions, jobEstTime, proName, tshBrand, tshName, tshColor, tshSize, artName, ordID) values (19, 6.78, 128.82, null, 21.03, 'Profile46916', 'American Apparel', 'Fruit of the Loom Cotton', 'Blue', 'x-large', 'Art-74459', 1);
insert into PrintingJobs (jobQuantity, jobUnitPrice, jobTotalCost, jobInstructions, jobEstTime, proName, tshBrand, tshName, tshColor, tshSize, artName, ordID) values (17, 4.96, 84.32, null, 13.73, 'Profile-07398', 'American Apparel', 'Fruit of the Loom Cotton', 'Blue', 'x-large', 'Art-19480', 5);
insert into PrintingJobs (jobQuantity, jobUnitPrice, jobTotalCost, jobInstructions, jobEstTime, proName, tshBrand, tshName, tshColor, tshSize, artName, ordID) values (4, 8.21, 32.84, null, 6.48, 'Profile-21611', 'American Apparel', 'Fruit of the Loom Cotton', 'Blue', 'x-large', 'Art-54302', 3);
insert into PrintingJobs (jobQuantity, jobUnitPrice, jobTotalCost, jobInstructions, jobEstTime, proName, tshBrand, tshName, tshColor, tshSize, artName, ordID) values (7, 4.65, 32.55, null, 94.39, 'Profile-24080', 'American Apparel', 'Fruit of the Loom Cotton', 'Blue', 'x-large', 'Art-61169', 4);
insert into PrintingJobs (jobQuantity, jobUnitPrice, jobTotalCost, jobInstructions, jobEstTime, proName, tshBrand, tshName, tshColor, tshSize, artName, ordID) values (2, 7.38, 14.76, null, 65.5, 'Profile-68110', 'American Apparel', 'Fruit of the Loom Cotton', 'Blue', 'x-large', 'Art-04582', 5);
insert into PrintingJobs (jobQuantity, jobUnitPrice, jobTotalCost, jobInstructions, jobEstTime, proName, tshBrand, tshName, tshColor, tshSize, artName, ordID) values (20, 4.53, 90.6, null, 90.57, 'Profile46916', 'American Apparel', 'Fruit of the Loom Cotton', 'Blue', 'x-large', 'Art-74459', 5);
insert into PrintingJobs (jobQuantity, jobUnitPrice, jobTotalCost, jobInstructions, jobEstTime, proName, tshBrand, tshName, tshColor, tshSize, artName, ordID) values (2, 1.03, 2.06, null, 15.55, 'Profile-07398', 'American Apparel', 'Fruit of the Loom Cotton', 'Blue', 'x-large', 'Art-19480', 2);
insert into PrintingJobs (jobQuantity, jobUnitPrice, jobTotalCost, jobInstructions, jobEstTime, proName, tshBrand, tshName, tshColor, tshSize, artName, ordID) values (18, 4.11, 73.98, null, 75.25, 'Profile-21611', 'American Apparel', 'Fruit of the Loom Cotton', 'Blue', 'x-large', 'Art-54302', 3);
insert into PrintingJobs (jobQuantity, jobUnitPrice, jobTotalCost, jobInstructions, jobEstTime, proName, tshBrand, tshName, tshColor, tshSize, artName, ordID) values (9, 9.1, 81.9, null, 83.74, 'Profile-24080', 'American Apparel', 'Fruit of the Loom Cotton', 'Blue', 'x-large', 'Art-61169', 2);
 


commit;
